{
  "station_id": "467441",
  "target_group": "precipitation",
  "model_version": "baseline_lstm_v2.3_pure_temporal",
  "test_windows": 646,
  "beats_persistence": false,
  "accuracy_grade": {
    "precipitation_1hr": {
      "H1": "poor",
      "H2": "poor",
      "H3": "poor",
      "H4": "poor"
    }
  },
  "variables": {
    "precipitation_1hr": {
      "H1": {
        "mae": 1.6318586335860585,
        "rmse": 5.189145533648893,
        "bias": -0.4586865770091352,
        "mape": 144.56459409362913,
        "r2": -0.13846859456447147,
        "csi": 0.11049723756906077,
        "far": 0.8347107438016529,
        "pod": 0.25,
        "csi_threshold_1mm": 0.11049723756906077,
        "far_threshold_1mm": 0.8347107438016529,
        "pod_threshold_1mm": 0.25,
        "tp_threshold_1mm": 20,
        "fp_threshold_1mm": 101,
        "fn_threshold_1mm": 60,
        "csi_threshold_10mm": 0.0,
        "far_threshold_10mm": null,
        "pod_threshold_10mm": 0.0,
        "tp_threshold_10mm": 0,
        "fp_threshold_10mm": 0,
        "fn_threshold_10mm": 23,
        "mae_rain_only": 8.661999618122355,
        "persistence_mae": 1.2925696628854464,
        "beats_persistence": false,
        "unit": "mm",
        "accuracy_grade": "poor"
      },
      "H2": {
        "mae": 1.717330971095515,
        "rmse": 5.249521435821488,
        "bias": -0.4121800711574523,
        "mape": 144.6229184448255,
        "r2": -0.16511496299113193,
        "csi": 0.0748663101604278,
        "far": 0.8842975206611571,
        "pod": 0.175,
        "csi_threshold_1mm": 0.0748663101604278,
        "far_threshold_1mm": 0.8842975206611571,
        "pod_threshold_1mm": 0.175,
        "tp_threshold_1mm": 14,
        "fp_threshold_1mm": 107,
        "fn_threshold_1mm": 66,
        "csi_threshold_10mm": 0.0,
        "far_threshold_10mm": 1.0,
        "pod_threshold_10mm": 0.0,
        "tp_threshold_10mm": 0,
        "fp_threshold_10mm": 2,
        "fn_threshold_10mm": 23,
        "mae_rain_only": 8.727599268779159,
        "persistence_mae": 1.2925696628854464,
        "beats_persistence": false,
        "unit": "mm",
        "accuracy_grade": "poor"
      },
      "H3": {
        "mae": 1.4093178506254365,
        "rmse": 5.067444614453824,
        "bias": -0.6770081890158748,
        "mape": 157.9334168414041,
        "r2": -0.08569384115255851,
        "csi": 0.14814814814814814,
        "far": 0.7333333333333333,
        "pod": 0.25,
        "csi_threshold_1mm": 0.14814814814814814,
        "far_threshold_1mm": 0.7333333333333333,
        "pod_threshold_1mm": 0.25,
        "tp_threshold_1mm": 20,
        "fp_threshold_1mm": 55,
        "fn_threshold_1mm": 60,
        "csi_threshold_10mm": 0.0,
        "far_threshold_10mm": null,
        "pod_threshold_10mm": 0.0,
        "tp_threshold_10mm": 0,
        "fp_threshold_10mm": 0,
        "fn_threshold_10mm": 23,
        "mae_rain_only": 8.518687652936205,
        "persistence_mae": 1.3947368514184888,
        "beats_persistence": false,
        "unit": "mm",
        "accuracy_grade": "poor"
      },
      "H4": {
        "mae": 1.3777036495800865,
        "rmse": 5.024895801953536,
        "bias": -0.8071725828769175,
        "mape": 121.53788277941628,
        "r2": -0.06753832134851478,
        "csi": 0.05806451612903226,
        "far": 0.8928571428571429,
        "pod": 0.1125,
        "csi_threshold_1mm": 0.05806451612903226,
        "far_threshold_1mm": 0.8928571428571429,
        "pod_threshold_1mm": 0.1125,
        "tp_threshold_1mm": 9,
        "fp_threshold_1mm": 75,
        "fn_threshold_1mm": 71,
        "csi_threshold_10mm": 0.0,
        "far_threshold_10mm": null,
        "pod_threshold_10mm": 0.0,
        "tp_threshold_10mm": 0,
        "fp_threshold_10mm": 0,
        "fn_threshold_10mm": 23,
        "mae_rain_only": 8.76342485868372,
        "persistence_mae": 1.3947368514184888,
        "beats_persistence": true,
        "unit": "mm",
        "accuracy_grade": "poor"
      }
    }
  }
}